STATE,NICKNAME,TYPE,FULLPARKNAME,UnitCode
KY,Abraham Lincoln Birthplace,National Historical Park,Abraham Lincoln Birthplace NHP,ABLI
ME,Acadia,National Park,Acadia NP,ACAD
MA,Adams,National Historical Park,Adams NHP,ADAM
NY,African Burial Ground,National Monument,African Burial Ground NM,AFBG
NE,Agate Fossil Beds,National Monument,Agate Fossil Beds NM,AGFO
TX,Alibates Flint Quarries,National Monument,Alibates Flint Quarries NM,ALFL
PA,Allegheny Portage Railroad,National Historic Site,Allegheny Portage Railroad NHS,ALPO
TX,Amistad,National Recreation Area,Amistad NRA,AMIS
GA,Andersonville,National Historic Site,Andersonville NHS,ANDE
AK,Aniakchak,National Monument,Aniakchak NM & PRES,ANIA
TN,Andrew Johnson,National Historic Site,Andrew Johnson NHS,ANJO
MD,Antietam,National Battlefield,Antietam NB,ANTI
VA,Appomattox Court House,National Historical Park,Appomattox Court House NHP,APCO
WI,Apostle Islands,National Lakeshore,Apostle Islands NL,APIS
UT,Arches,National Park,Arches NP,ARCH
VA,Arlington House,National Memorial,Arlington House The R.E. Lee MEM,ARHO
AR,Arkansas Post,National Memorial,Arkansas Post NMEM,ARPO
MD,Assateague Island,National Seashore,Assateague Island NS,ASIS
NM,Aztec Ruins,National Monument,Aztec Ruins NM,AZRU
SD,Badlands,National Park,Badlands NP,BADL
NM,Bandelier,National Monument,Bandelier NM,BAND
AK,Bering Land Bridge,National Preserve,Bering Land Bridge NPRES,BELA
CO,Bent's Old Fort,National Historic Site,Bent's Old Fort NHS,BEOL
TX,Big Bend,National Park,Big Bend NP,BIBE
WY,Bighorn Canyon,National Recreation Area,Bighorn Canyon NRA,BICA
FL,Big Cypress,National Preserve,Big Cypress NPRES,BICY
MT,Big Hole,National Battlefield,Big Hole NB,BIHO
FL,Biscayne,National Park,Biscayne NP,BISC
TN,Big South Fork,National River and Recreation Area,Big South Fork NRRA,BISO
TX,Big Thicket,National Preserve,Big Thicket NPRES,BITH
CO,Black Canyon of the Gunnison,National Park,Black Canyon of the Gunnison NP,BLCA
NC,Blue Ridge Parkway,Parkway,Blue Ridge PKWY,BLRI
WV,Bluestone,National Scenic River,Bluestone NSR,BLUE
MA,Boston African American,National Historic Site,Boston African American NHS,BOAF
MA,Boston,National Historical Park,Boston NHP,BOST
VA,Booker T. Washington,National Monument,Booker T. Washington NM,BOWA
UT,Bryce Canyon,National Park,Bryce Canyon NP,BRCA
MS,Brices Cross Roads,National Battlefield Site,Brices Cross Roads,BRCR
KS,Brown v. Board of Education,National Historic Site,Brown v. Board of Education NHS,BRVB
AR,Buffalo,National River,Buffalo NR,BUFF
VI,Buck Island Reef,National Monument,Buck Island Reef NM,BUIS
CA,Cabrillo,National Monument,Cabrillo NM,CABR
AZ,Canyon de Chelly,National Monument,Canyon de Chelly NM,CACH
NY,Castle Clinton,National Monument,Castle Clinton NM,CACL
MA,Cape Cod,National Seashore,Cape Cod NS,CACO
AZ,Casa Grande Ruins,National Monument,Casa Grande Ruins NM,CAGR
NC,Cape Hatteras,National Seashore,Cape Hatteras NS,CAHA
AK,Cape Krusenstern,National Monument,Cape Krusenstern NM,CAKR
NC,Cape Lookout,National Seashore,Cape Lookout NS,CALO
FL,Canaveral,National Seashore,Canaveral NS,CANA
UT,Canyonlands,National Park,Canyonlands NP,CANY
UT,Capitol Reef,National Park,Capitol Reef NP,CARE
LA,Cane River Creole,National Historical Park,Cane River Creole NHP,CARI
NC,Carl Sandburg Home,National Historic Site,Carl Sandburg Home NHS,CARL
FL,Castillo de San Marcos,National Monument,Castillo de San Marcos NM,CASA
MD,Catoctin Mountain Park,Other Designation,Catoctin Mountain Park,CATO
NM,Carlsbad Caverns,National Park,Carlsbad Caverns NP,CAVE
NM,Capulin Volcano,National Monument,Capulin Volcano NM,CAVO
UT,Cedar Breaks,National Monument,Cedar Breaks NM,CEBR
CA,Cesar E. Chavez,National Monument,Cesar E. Chavez NM,CECH
TX,Chamizal,National Memorial,Chamizal NMEM,CHAM
GA,Chattahoochee River,National Recreation Area,Chattahoochee River NRA,CHAT
GA,Chickamauga & Chattanooga,National Military Park,Chickamauga & Chattanooga NMP,CHCH
NM,Chaco Culture,National Historical Park,Chaco Culture NHP,CHCU
OK,Chickasaw,National Recreation Area,Chickasaw NRA,CHIC
AZ,Chiricahua,National Monument,Chiricahua NM,CHIR
CA,Channel Islands,National Park,Channel Islands NP,CHIS
DC,Chesapeake & Ohio Canal,National Historical Park,Chesapeake & Ohio Canal NHP,CHOH
SC,Charles Pinckney,National Historic Site,Charles Pinckney NHS,CHPI
VI,Christiansted,National Historic Site,Christiansted NHS,CHRI
AR,Little Rock Central High School,National Historic Site,Little Rock Central High School NHS,CHSC
OH,Charles Young Buffalo Soldie,National Monument,Charles Young Buffalo Soldiers NM,CHYO
ID,City of Rocks,National Reserve,City of Rocks NRES,CIRO
MD,Clara Barton,National Historic Site,Clara Barton NHS,CLBA
CO,Colorado,National Monument,Colorado NM,COLM
VA,Colonial NHP,National Historical Park,Colonial NHP,COLO
SC,Congaree,National Park,Congaree NP,CONG
AZ,Coronado,National Memorial,Coronado NMEM,CORO
SC,Cowpens,National Battlefield,Cowpens NB,COWP
OR,Crater Lake,National Park,Crater Lake NP,CRLA
ID,Craters of the Moon,National Monument,Craters of the Moon NM,CRMO
KY,Cumberland Gap,National Historical Park,Cumberland Gap NHP,CUGA
GA,Cumberland Island,National Seashore,Cumberland Island NS,CUIS
CO,Curecanti,National Recreation Area,Curecanti NRA,CURE
OH,Cuyahoga Valley,National Park,Cuyahoga Valley NP,CUVA
OH,Dayton Aviation Heritage,National Historical Park,Dayton Aviation Heritage NHP,DAAV
AK,Denali,National Park,Denali NP & PRES,DENA
CA,Devils Postpile,National Monument,Devils Postpile NM,DEPO
FL,De Soto,National Memorial,De Soto NMEM,DESO
WY,Devils Tower,National Monument,Devils Tower NM,DETO
CA,Death Valley,National Park,Death Valley NP,DEVA
PA,Delaware Water Gap,National Recreation Area,Delaware Water Gap NRA,DEWA
CO,Dinosaur,National Monument,Dinosaur NM,DINO
FL,Dry Tortugas,National Park,Dry Tortugas NP,DRTO
PA,Edgar Allan Poe,National Historic Site,Edgar Allan Poe NHS,EDAL
NJ,Edison,National Historic Site,Thomas Edison NHP,EDIS
IA,Effigy Mounds,National Monument,Effigy Mounds NM,EFMO
PA,Eisenhower,National Historic Site,Eisenhower NHS,EISE
NM,El Malpais,National Monument,El Malpais NM,ELMA
NM,El Morro,National Monument,El Morro NM,ELMO
NY,Eleanor Roosevelt,National Historic Site,Eleanor Roosevelt NHS,ELRO
CA,Eugene O'Neill,National Historic Site,Eugene O'Neill NHS,EUON
FL,Everglades,National Park,Everglades NP,EVER
NY,Federal Hall,National Memorial,Federal Hall NMEM,FEHA
NY,Fire Island,National Seashore,Fire Island NS,FIIS
OH,First Ladies,National Historic Site,First Ladies NHS,FILA
CO,Florissant Fossil Beds,National Monument,Florissant Fossil Beds NM,FLFO
PA,Flight 93,National Memorial,Flight 93 NMEM,FLNI
AZ,Fort Bowie,National Historic Site,Fort Bowie NHS,FOBO
WY,Fossil Butte,National Monument,Fossil Butte NM,FOBU
FL,Fort Caroline,National Memorial,Fort Caroline NMEM,FOCA
TX,Fort Davis,National Historic Site,Fort Davis NHS,FODA
TN,Fort Donelson,National Battlefield,Fort Donelson NB,FODO
GA,Fort Frederica,National Monument,Fort Frederica NM,FOFR
WY,Fort Laramie,National Historic Site,Fort Laramie NHS,FOLA
KS,Fort Larned,National Historic Site,Fort Larned NHS,FOLS
FL,Fort Matanzas,National Monument,Fort Matanzas NM,FOMA
MD,Fort McHenry,National Monument,Fort McHenry NM & HS,FOMC
PA,Fort Necessity,National Battlefield,Fort Necessity NB,FONE
CA,Fort Point,National Historic Site,Fort Point NHS,FOPO
GA,Fort Pulaski,National Monument,Fort Pulaski NM,FOPU
NC,Fort Raleigh,National Historic Site,Fort Raleigh NHS,FORA
KS,Fort Scott,National Historic Site,Fort Scott NHS,FOSC
AR,Fort Smith,National Historic Site,Fort Smith NHS,FOSM
NY,Fort Stanwix,National Monument,Fort Stanwix NM,FOST
SC,Fort Sumter,National Monument,Fort Sumter NM,FOSU
DC,Ford's Theatre,National Historic Site,Ford's Theatre NHS,FOTH
NM,Fort Union,National Monument,Fort Union NM,FOUN
ND,Fort Union Trading Post,National Historic Site,Fort Union Trading Post NHS,FOUS
WA,Fort Vancouver,National Historic Site,Fort Vancouver NHS,FOVA
MD,Fort Washington Park,Other Designation,Fort Washington Park,FOWA
DC,Franklin Delano Roosevelt,National Memorial,Franklin Delano Roosevelt MEM,FRDE
DC,Frederick Douglass,National Historic Site,Frederick Douglass NHS,FRDO
PA,Friendship Hill,National Historic Site,Friendship Hill NHS,FRHI
MA,Frederick Law Olmsted,National Historic Site,Frederick Law Olmsted NHS,FRLA
VA,Fredericksburg & Spotsylvania,National Military Park,Fredericksburg & Spotsylvania NMP,FRSP
AK,Gates of the Arctic,National Park,Gates of the Arctic NP & PRES,GAAR
WV,Gauley River,National Recreation Area,Gauley River NRA,GARI
NY,Gateway,National Recreation Area,Gateway NRA,GATE
NY,General Grant,National Memorial,General Grant NMEM,GEGR
IN,George Rogers Clark,National Historical Park,George Rogers Clark NHP,GERO
PA,Gettysburg,National Military Park,Gettysburg NMP,GETT
VA,George Washington Birthplace,National Monument,George Washington Birthplace NM,GEWA
NM,Gila Cliff Dwellings,National Monument,Gila Cliff Dwellings NM,GICL
MT,Glacier,National Park,Glacier NP,GLAC
AK,Glacier Bay,National Park,Glacier Bay NP & PRES,GLBA
UT,Glen Canyon,National Recreation Area,Glen Canyon NRA,GLCA
CA,Golden Gate,National Recreation Area,Golden Gate NRA,GOGA
NY,Governors Island,National Monument,Governors Island NM,GOIS
UT,Golden Spike,National Historic Site,Golden Spike NHS,GOSP
NV,Great Basin,National Park,Great Basin NP,GRBA
AZ,Grand Canyon,National Park,Grand Canyon NP,GRCA
MD,Greenbelt Park,Other Designation,Greenbelt Park,GREE
MT,Grant-Kohrs Ranch,National Historic Site,Grant-Kohrs Ranch NHS,GRKO
MI,Grand Portage,National Monument,Grand Portage NM,GRPO
CO,Great Sand Dunes,National Preserve,Great Sand Dunes NP & PRES,GRSA
NC,Great Smoky Mountains,National Park,Great Smoky Mountains NP,GRSM
WY,Grand Teton,National Park,Grand Teton NP,GRTE
NC,Guilford Courthouse,National Military Park,Guilford Courthouse NMP,GUCO
FL,Gulf Islands,National Seashore,Gulf Islands NS,GUIS
TX,Guadalupe Mountains,National Park,Guadalupe Mountains NP,GUMO
MO,George Washington Carver,National Monument,George Washington Carver NM,GWCA
VA,George Washington Memorial Parkway,National Parkway,George Washington MEM PKWY,GWMP
WV,Harpers Ferry,National Historical Park,Harpers Ferry NHP,HAFE
ID,Hagerman Fossil Beds,National Monument,Hagerman Fossil Beds NM,HAFO
NY,Hamilton Grange,National Memorial,Hamilton Grange NMEM,HAGR
HI,Haleakala,National Park,Haleakala NP,HALE
MD,Hampton,National Historic Site,Hampton NHS,HAMP
HI,Hawai'i Volcanoes,National Park,Hawaii Volcanoes NP,HAVO
IA,Herbert Hoover,National Historic Site,Herbert Hoover NHS,HEHO
AL,Horseshoe Bend,National Military Park,Horseshoe Bend NMP,HOBE
OH,Hopewell Culture,National Historical Park,Hopewell Culture NHP,HOCU
NY,Home of Franklin D Roosevelt,National Historic Site,Home of Franklin D. Roosevelt NHS,HOFR
PA,Hopewell Furnace,National Historic Site,Hopewell Furnace NHS,HOFU
NE,Homestead,National Monument,Homestead NM of America,HOME
AR,Hot Springs,National Park,Hot Springs NP,HOSP
UT,Hovenweep,National Monument,Hovenweep NM,HOVE
MO,Harry S Truman,National Historic Site,Harry S Truman NHS,HSTR
AZ,Hubbell Trading Post,National Historic Site,Hubbell Trading Post NHS,HUTR
PA,Independence,National Historical Park,Independence NHP,INDE
IN,Indiana Dunes,National Lakeshore,Indiana Dunes NL,INDU
MI,Isle Royale,National Park,Isle Royale NP,ISRO
OH,James A. Garfield,National Historic Site,James A. Garfield NHS,JAGA
LA,New Orleans Jazz,National Historic Park,New Orleans Jazz NHP,JAZZ
SD,Jewel Cave,National Monument,Jewel Cave NM,JECA
MO,Jefferson,National Memorial,Jefferson NEM,JEFF
DC,Thomas Jefferson Memorial,National Memorial,Thomas Jefferson MEM,JEFM
LA,Jean Lafitte,National Historical Park and Preserve,Jean Lafitte NHP & PRES,JELA
GA,Jimmy Carter,National Historic Site,Jimmy Carter NHS,JICA
OR,John Day Fossil Beds,National Monument,John Day Fossil Beds NM,JODA
WY,"John D. Rockefeller, Jr.",National Parkway,"John D. Rockefeller, Jr. MEM PKWY",JODR
MA,John Fitzgerald Kennedy,National Historic Site,John F. Kennedy NHS,JOFI
DC,Kennedy Center,Other Designation,John F. Kennedy Center For Performing Arts,JOFK
PA,Johnstown Flood,National Memorial,Johnstown Flood NMEM,JOFL
CA,John Muir,National Historic Site,John Muir NHS,JOMU
CA,Joshua Tree,National Park,Joshua Tree NP,JOTR
HI,Kaloko-Honokohau,National Historical Park,Kaloko Honokohau NHP,KAHO
HI,Kalaupapa,National Historical Park,Kalaupapa NHP,KALA
AK,Katmai,National Park,Katmai NP & PRES,KATM
AK,Kenai Fjords,National Park,Kenai Fjords NP,KEFJ
GA,Kennesaw Mountain,National Battlefield Park,Kennesaw Mountain NBP,KEMO
CA,Kings Canyon,National Park,Kings Canyon NP,KICA
SC,Kings Mountain,National Military Park,Kings Mountain NMP,KIMO
AK,Klondike Gold Rush-Alaska,National Historical Park,Klondike Gold Rush NHP Alaska,KLGO
WA,Klondike Gold Rush-Seattle,National Historical Park,Klondike Gold Rush NHP Seattle,KLSE
ND,Knife River Indian Villages,National Historic Site,Knife River Indian Villages NHS,KNRI
AK,Kobuk Valley,National Park,Kobuk Valley NP,KOVA
DC,Korean War Veterans Memorial,National Memorial,Korean War Veterans Memorial,KOWA
CA,Lava Beds,National Monument,Lava Beds NM,LABE
WA,Lake Chelan,National Recreation Area,Lake Chelan NRA,LACH
AK,Lake Clark,National Park,Lake Clark NP & PRES,LACL
NV,Lake Mead,National Recreation Area,Lake Mead NRA,LAKE
TX,Lake Meredith,National Recreation Area,Lake Meredith NRA,LAMR
WA,Lake Roosevelt,National Recreation Area,Lake Roosevelt NRA,LARO
CA,Lassen Volcanic,National Park,Lassen Volcanic NP,LAVO
WA,Lewis and Clark,National Historical Park,Lewis & Clark NHP,LEWI
MT,Little Bighorn Battlefield,National Monument,Little Bighorn Battlefield NM,LIBI
IN,Lincoln Boyhood,National Memorial,Lincoln Boyhood NMEM,LIBO
IL,Lincoln Home,National Historic Site,Lincoln Home NHS,LIHO
DC,Lincoln Memorial,National Memorial,Lincoln Memorial,LINC
AL,Little River Canyon,National Preserve,Little River Canyon NPRES,LIRI
MA,Longfellow,National Historic Site,Longfellow NHS,LONG
MA,Lowell,National Historical Park,Lowell NHP,LOWE
DC,Lyndon Baines Johnson Grove,National Memorial,LBJ Memorial Grove on the Potomac,LYBA
TX,Lyndon B. Johnson,National Historical Park,Lyndon B. Johnson NHP,LYJO
DC,Mary McLeod Bethune Council House,National Historic Site,Mary McLeod Bethune Council House NHS,MABE
VT,Marsh-Billings-Rockefeller,National Historical Park,Marsh-Billings-Rockefeller NHP,MABI
KY,Mammoth Cave,National Park,Mammoth Cave NP,MACA
GA,Martin Luther King Jr.,National Historic Site,"Martin Luther King, Jr. NHS",MALU
VA,Manassas,National Battlefield Park,Manassas NBP,MANA
CA,Manzanar,National Historic Site,Manzanar NHS,MANZ
NY,Martin Van Buren,National Historic Site,Martin Van Buren NHS,MAVA
VA,Maggie L. Walker,National Historic Site,Maggie L. Walker NHS,MAWA
CO,Mesa Verde,National Park,Mesa Verde NP,MEVE
MA,Minute Man,National Historical Park,Minute Man NHP,MIMA
SD,Minuteman Missile,National Historic Site,Minuteman Missile NHS,MIMI
MN,Mississippi National River and Recreation Area,National River and Recreation Area,Mississippi NRRA,MISS
DC,Martin Luther King Jr Memori,Other Designation,"Martin Luther King, Jr. Memorial",MLKM
SD,Missouri National Recreation River,National Recreation River,Missouri NRR,MNRR
AZ,Montezuma Castle,National Monument,Montezuma Castle NM,MOCA
NC,Moores Creek,National Battlefield,Moores Creek NB,MOCR
CA,Mojave,National Preserve,Mojave NPRES,MOJA
MD,Monocacy,National Battlefield,Monocacy NB,MONO
WA,Mount Rainier,National Park,Mount Rainier NP,MORA
NJ,Morristown,National Historical Park,Morristown NHP,MORR
SD,Mount Rushmore,National Memorial,Mount Rushmore NMEM,MORU
CA,Muir Woods,National Monument,Muir Woods NM,MUWO
UT,Natural Bridges,National Monument,Natural Bridges NM,NABR
MS,Natchez,National Historical Park,Natchez NHP,NATC
AL,Natchez Trace Parkway,Parkway,Natchez Trace PKWY,NATR
AZ,Navajo,National Monument,Navajo NM,NAVA
DC,National Capital Parks Central,National Park,National Capital Parks Central,NCPC
DC,National Capital Parks East,National Park,National Capital Parks East,NCPE
MA,New Bedford Whaling,National Historical Park,New Bedford Whaling NHP,NEBE
WA,Nez Perce NHP,National Historical Park,Nez Perce NHP,NEPE
VA,New River Gorge,National River,New River Gorge NR,NERI
KS,Nicodemus,National Historic Site,Nicodemus NHS,NICO
NE,Niobrara,National Scenic River,Niobrara NSR,NIOB
SC,Ninety Six,National Historic Site,Ninety Six NHS,NISI
AK,Noatak,National Preserve,Noatak NPRES,NOAT
WA,North Cascades,National Park,North Cascades NP,NOCA
AS,National Park of American Samoa,National Park,National Park of American Samoa,NPSA
TN,Obed,Wild and Scenic River,Obed W&SR,OBRI
GA,Ocmulgee,National Monument,Ocmulgee NM,OCMU
WA,Olympic,National Park,Olympic NP,OLYM
OR,Oregon Caves,National Monument,Oregon Caves NM,ORCA
AZ,Organ Pipe Cactus,National Monument,Organ Pipe Cactus NM,ORPI
MO,Ozark,National Scenic Riverway,Ozark NSR,OZAR
TX,Palo Alto Battlefield,National Historical Park,Palo Alto Battlefield NHP,PAAL
DC,Pennsylvania Avenue,National Historic Site,Pennsylvania Avenue NHS,PAAV
TX,Padre Island,National Seashore,Padre Island NS,PAIS
NM,Pecos,National Historical Park,Pecos NHP,PECO
AZ,Petrified Forest,National Park,Petrified Forest NP,PEFO
AR,Pea Ridge,National Military Park,Pea Ridge NMP,PERI
VA,Petersburg,National Battlefield,Petersburg NB,PETE
NM,Petroglyph,National Monument,Petroglyph NM,PETR
OH,Perry's Victory and International Peace Memorial,National Memorial,Perry's Victory & Intl. Peace MEM,PEVI
CA,Pinnacles,National Park,Pinnacles NP,PINN
MN,Pipestone,National Monument,Pipestone NM,PIPE
MI,Pictured Rocks,National Lakeshore,Pictured Rocks NL,PIRO
MD,Piscataway Park,Other Designation,Piscataway Park,PISC
AZ,Pipe Spring,National Monument,Pipe Spring NM,PISP
CA,Port Chicago Naval Magazine,National Memorial,Port Chicago Naval Magazine NM,POCH
CA,Point Reyes,National Seashore,Point Reyes NS,PORE
DC,President's Park,Park,President's Park,PRPA
VA,Prince William Forest Park,Park,Prince William Forest Park,PRWI
HI,Pu'ukohola Heiau,National Historic Site,Pu'ukohola Heiau NHS,PUHE
HI,Pu'uhonua o Honaunau,National Historical Park,Pu'uhonua o Honaunau NHP,PUHO
UT,Rainbow Bridge,National Monument,Rainbow Bridge NM,RABR
CA,Redwood,National Park,Redwood NP,REDW
VA,Richmond,National Battlefield Park,Richmond NBP,RICH
TX,Rio Grande,Wild and Scenic River,Rio Grande W&SR,RIGR
MI,River Raisin,National Battlefield Park,River Raisin NBP,RIRA
DC,Rock Creek Park,Park,Rock Creek Park,ROCR
WA,Ross Lake,National Recreation Area,Ross Lake NRA,ROLA
CO,Rocky Mountain,National Park,Rocky Mountain NP,ROMO
CA,Rosie the Riveter/World War II Home Front,National Historical Park,Rosie The Riveter WWII Home Front,RORI
RI,Roger Williams,National Memorial,Roger Williams NMEM,ROWI
AL,Russell Cave,National Monument,Russell Cave NM,RUCA
TX,San Antonio Missions,National Historical Park,San Antonio Missions NHP,SAAN
WI,Saint Croix,National Scenic Riverway,Saint Croix NSR,SACN
ME,Saint Croix Island,International Historic Site,Saint Croix Island International Historic Site,SACR
CA,San Francisco Maritime,National Historical Park,San Francisco Maritime NHP,SAFR
NH,Saint-Gaudens,National Historic Site,Saint-Gaudens NHS,SAGA
AZ,Saguaro,National Park,Saguaro NP,SAGU
NY,Sagamore Hill,National Historic Site,Sagamore Hill NHS,SAHI
MA,Saugus Iron Works,National Historic Site,Saugus Iron Works NHS,SAIR
WA,San Juan Island,National Historical Park,San Juan Island NHP,SAJH
PR,San Juan,National Historic Site,San Juan NHS,SAJU
MA,Salem Maritime,National Historic Site,Salem Maritime NHS,SAMA
CA,Santa Monica Mountains,National Recreation Area,Santa Monica Mountains NRA,SAMO
CO,Sand Creek Massacre,National Historic Site,Sand Creek Massacre NHS,SAND
NY,Saint Paul's Church,National Historic Site,Saint Paul's Church NHS,SAPA
NM,Salinas Pueblo Mission,National Monument,Salinas Pueblo Missions NM,SAPU
NY,Saratoga,National Historical Park,Saratoga NHP,SARA
VI,Salt River Bay,National Historical Park,Salt River Bay NHP & Ecological Pres,SARI
NE,Scotts Bluff,National Monument,Scotts Bluff NM,SCBL
CA,Sequoia,National Park,Sequoia NP,SEQU
VA,Shenandoah,National Park,Shenandoah NP,SHEN
MS,Shiloh,National Battlefield,Shiloh NMP,SHIL
AK,Sitka,National Historical Park,Sitka NHP,SITK
MI,Sleeping Bear Dunes,National Lakeshore,Sleeping Bear Dunes NL,SLBE
MA,Springfield Armory,National Historic Site,Springfield Armory NHS,SPAR
PA,Steamtown,National Historic Site,Steamtown NHS,STEA
NY,Statue of Liberty,National Monument,Statue of Liberty NM,STLI
TN,Stones River,National Battlefield,Stones River NB,STRI
AZ,Sunset Crater Volcano,National Monument,Sunset Crater Volcano NM,SUCR
KS,Tallgrass Prairie,National Preserve,Tallgrass Prairie NPRES,TAPR
DC,Theodore Roosevelt Island,National Memorial,Theodore Roosevelt Island,THIS
PA,Thaddeus Kosciuszko,National Memorial,Thaddeus Kosciuszko NMEM,THKO
NY,Theodore Roosevelt Birthplace,National Historic Site,Theodore Roosevelt Birthplace NHS,THRB
NY,Theodore Roosevelt Inaugural,National Historic Site,Theodore Roosevelt Inaugural NHS,THRI
ND,Theodore Roosevelt,National Park,Theodore Roosevelt NP,THRO
MD,Thomas Stone,National Historic Site,Thomas Stone NHS,THST
UT,Timpanogos Cave,National Monument,Timpanogos Cave NM,TICA
FL,Timucuan,Ecological and Historic Preserve,Timucuan EHP,TIMU
AZ,Tonto,National Monument,Tonto NM,TONT
AL,Tuskegee Airmen,National Historic Site,Tuskegee Airmen NHS,TUAI
AL,Tuskegee Institute,National Historic Site,Tuskegee Institute NHS,TUIN
AZ,Tumacacori,National Historical Park,Tumacacori NHP,TUMA
MS,Tupelo,National Battlefield,Tupelo NBS,TUPE
AZ,Tuzigoot,National Monument,Tuzigoot NM,TUZI
MO,Ulysses S. Grant,National Historic Site,Ulysses S. Grant NHS,ULSG
PA,Upper Delaware,Scenic and Recreational River,Upper Delaware S&RR,UPDE
PA,Valley Forge,National Historical Park,Valley Forge NHP,VAFO
HI,World War II Valor in the Pacific,National Monument,World War II Valor in the Pacific NM,VALR
NY,Vanderbilt Mansion,National Historic Site,Vanderbilt Mansion NHS,VAMA
LA,Vicksburg,National Military Park,Vicksburg NMP,VICK
VI,Virgin Islands,National Park,Virgin Islands NP,VIIS
DC,Vietnam Veterans Memorial,National Memorial,Vietnam Veterans MEM,VIVE
MN,Voyageurs,National Park,Voyageurs NP,VOYA
OK,Washita Battlefield,National Historic Site,Washita Battlefield NHS,WABA
AZ,Walnut Canyon,National Monument,Walnut Canyon NM,WACA
TX,Waco Mammoth,National Monument,Waco Mammoth National Monument,WACO
DC,Washington Monument,National Memorial,Washington Monument,WAMO
GU,War in the Pacific,War in the Pacific,War in the Pacific NHP,WAPA
CT,Weir Farm,National Historic Site,Weir Farm NHS,WEFA
DC,White House,Other Designation,White House,WHHO
CA,Whiskeytown-Shasta-Trinity,National Recreation Area,Whiskeytown NRA,WHIS
WA,Whitman Mission,National Historic Site,Whitman Mission NHS,WHMI
NM,White Sands,National Monument,White Sands NM,WHSA
SD,Wind Cave,National Park,Wind Cave NP,WICA
AR,President William Jefferson Clinton Birthplace Home,National Historic Site,President W.J. Clinton Birthplace Home NHS,WICL
MO,Wilson's Creek,National Battlefield,Wilson's Creek NB,WICR
OH,William Howard Taft,National Historic Site,William Howard Taft NHS,WIHO
NY,Women's Rights,National Historical Park,Women's Rights NHP,WORI
VA,Wolf Trap Farm Park,National Park,Wolf Trap NP for the Performing Arts,WOTR
NC,Wright Brothers,National Memorial,Wright Brothers NMEM,WRBR
AK,Wrangell-St. Elias,National Park,Wrangell-St. Elias NP & PRES,WRST
AZ,Wupatki,National Monument,Wupatki NM,WUPA
DC,World War II Memorial,National Memorial,World War II Memorial,WWII
WY,Yellowstone,National Park,Yellowstone NP,YELL
CA,Yosemite,National Park,Yosemite NP,YOSE
AK,Yukon-Charley Rivers,National Preserve,Yukon-Charley Rivers NPRES,YUCH
UT,Zion,National Park,Zion NP,ZION
